# category|page|topic|prompt|correct|explanation|wrong 1~reason|wrong 2~reason|wrong 3~reason
RULES|8|Order of instructions|A police officer signals you to stop while your traffic light is green. What should you do?|Stop as directed by the officer.|A police officer's directions take precedence over traffic signals, signs and general rules.|Follow the green light~The officer's instruction has higher priority than the light.|Stop only if there is a stop sign~The police instruction is sufficient.|Continue if the road looks clear~A clear road does not cancel the instruction.
RULES|23|Giving way|You approach a give-way sign with a clear view and no conflicting traffic. What is required?|Slow down, check carefully and stop only if necessary.|Giving way requires you to avoid obstructing intersecting traffic; a complete stop is not automatic.|Always stop for five seconds~A give-way sign does not impose a fixed stop.|Maintain speed because the road is empty~You must clearly demonstrate readiness to yield.|Give way only to vehicles from the right~The duty covers traffic from both directions.
RULES|24|Stop line|You reach a stop sign with a marked stop line and no other traffic. Where must you stop?|Immediately before the stop line.|A stop sign requires a complete stop even when the road appears empty.|Beside the sign regardless of the line~The marked stop line determines the stopping point.|Only after entering the junction~That puts the car into conflicting traffic.|There is no need to stop~The stop obligation is unconditional.
RULES|24|Queue at a stop sign|The car ahead stops at a stop line. You stop behind it. What must you do when you reach the line?|Make your own complete stop at the line.|Each driver must fulfil the stop obligation at the proper stopping point.|Follow without stopping again~The other driver's stop does not fulfil your obligation.|Stop only if someone approaches~The obligation applies even without traffic.|Sound the horn before proceeding~A horn is not a substitute for stopping.
RULES|26|Priority to the right|Two vehicles meet at an unsigned junction where no other priority rule applies. Who must you give way to?|Vehicles approaching from your right.|The priority-to-the-right rule applies when no sign, signal or other priority rule replaces it.|Vehicles from the left only~This reverses the rule.|Only larger vehicles~Vehicle size does not establish priority.|Nobody if your road is wider~Road width alone does not change the rule.
RULES|28|Different road widths|A car approaches from your right on a narrower normal road at an otherwise unsigned junction. What applies?|You give way to it.|A wider road is not automatically a priority road.|The narrower road always gives way~Width alone is not a priority rule.|You go first if travelling straight~Going straight does not override priority to the right.|The faster car goes first~Speed never creates priority.
RULES|30|Open parking areas|Two moving cars cross paths inside an open car park, away from parking spaces. No signs regulate priority. What normally applies?|Give way to the vehicle on your right.|Priority to the right can apply in open areas as well as conventional junctions.|All traffic gives way to the left~That is not the general rule.|Only painted junctions have priority rules~Markings are not necessary for the rule.|The first car to sound its horn goes first~A horn cannot establish priority.
RULES|35|Leaving a property|You drive from a house driveway onto a road. What is your obligation?|Give way to road users whose paths you cross.|Leaving a property is covered by the exit rule.|Give way only to the right~The exit rule is broader than priority to the right.|Join first if turning right~The turn does not remove the exit obligation.|Claim priority because you started moving~Starting first does not establish priority.
RULES|35|Crossing an uninterrupted cycle path|You leave a property across an uninterrupted cycle path before joining the road. What must you do?|Give way on both the cycle path and the road.|The exit rule applies to the path you cross and the road you enter.|Give way only on the road~Cyclists on the uninterrupted path also have protection.|Cyclists must always stop for cars~Cars do not have general priority over cyclists.|Treat the cycle path as a parking strip~It is a route for cyclists, not parking.
RULES|33|Turning left|You have a round green light and want to turn left across an oncoming car's path. What applies?|Let the oncoming car pass before turning.|A round green light may also be shown to oncoming traffic; turning duties still apply.|Green gives you priority in every direction~Green does not cancel the turning rule.|Turn immediately because you indicated~An indicator communicates intention, not priority.|The oncoming car must stop for a left turn~It is your turn that crosses its path.
RULES|38|Blocked junction|Your signal turns green, but the road beyond the junction is blocked. What should you do?|Wait before entering until you can clear the junction.|You must avoid becoming stationary where you obstruct crossing traffic.|Enter because the signal is green~Green does not authorise blocking the junction.|Stop in the middle to reserve your place~That obstructs other traffic.|Drive onto the pedestrian crossing and wait~The crossing must also be kept clear.
RULES|39|Bus leaving a stop|On a road limited to 50 km/h, a bus signals to leave a stop into your lane, the rightmost lane. What must you do?|Slow down and let the bus leave.|At a speed limit of 50 km/h or lower, drivers in the affected lane must allow a signalling bus out.|Accelerate past before it moves~That frustrates the bus rule.|The bus always has to wait~The 50 km/h rule applies here.|Stop in the opposing lane~That introduces a new danger.
RULES|39|Bus on a faster road|The speed limit is 70 km/h and a bus signals to leave its stop. Which statement is correct?|The bus must give way, but you should still be ready to cooperate.|The special obligation to let a bus out applies at limits of 50 km/h or lower.|The bus always has unconditional priority~The limit is above the bus-rule threshold.|You should block the bus deliberately~All drivers still owe care and consideration.|The bus may pull out without looking~Its driver must avoid danger.
RULES|40|Amber light|A light changes from green to amber and you can stop safely before the line. What must you do?|Stop before the line.|Amber means stop unless you are so close that stopping safely is no longer possible.|Accelerate to beat red~Amber is not an invitation to speed up.|Continue whenever the junction is empty~An empty junction does not remove the stop requirement.|Wait until red before braking~That can make the stop unsafe or too late.
RULES|40|Flashing amber|Traffic signals are flashing amber. How do you determine priority?|Use the applicable signs or general priority rules with extra caution.|Flashing amber warns that normal signal control is not operating.|Treat it as a permanent green light~It grants no general right to proceed.|Treat every approach as a priority road~Priority must come from signs or rules.|Ignore pedestrians until signals recover~Pedestrian duties still apply.
RULES|41|Red and amber together|Your traffic signal displays red and amber together. What does it mean?|Remain stopped; green is about to appear.|The combined signal still requires you to stop.|Start moving across the line~The signal has not yet permitted movement.|Proceed if turning right~There is no general right turn on red.|Only pedestrians must wait~The signal applies to the drivers facing it.
RULES|46|Uncontrolled pedestrian crossing|A pedestrian is about to enter an uncontrolled crossing. What should you do?|Clearly slow down and give way.|Drivers must give way to pedestrians on or about to enter an uncontrolled crossing.|Continue until the pedestrian steps into your lane~The duty begins before they reach your lane.|Sound the horn to make them wait~A horn does not replace giving way.|Give way only to children~The crossing rule protects all pedestrians.
RULES|46|Walking a bicycle|A person pushes a bicycle over a pedestrian crossing. How are they treated?|As a pedestrian.|A person walking with a bicycle is a pedestrian rather than a riding cyclist.|As a motor vehicle~A pushed bicycle is not a motor vehicle.|As a cyclist who is riding~They are walking rather than riding.|As someone prohibited from crossing~Pushing a bicycle is allowed.
RULES|50|Bicycle passage on a straight road|You drive straight towards an uncontrolled bicycle passage. Which duty applies to you?|Adapt speed so you do not endanger cyclists already on the passage.|The cyclist's obligation to give way does not remove the driver's duty to avoid danger.|Maintain speed regardless of cyclists~Drivers still have a safety obligation.|Treat it as an automatic green signal~No signal is present.|Accelerate to force cyclists to stop~Deliberately creating danger is unacceptable.
RULES|50|Bicycle passage after a turn|You turn across an uncontrolled bicycle passage. A cyclist is about to enter it. What should you do?|Drive slowly and give the cyclist an opportunity to pass.|Turning drivers and drivers exiting a roundabout have additional duties at bicycle passages.|Use your indicator to force the cyclist to wait~Indicating does not remove the obligation.|Apply only the straight-road situation~The turning situation has additional duties.|Stop on the passage to block it~That obstructs the cyclist's route.
RULES|52|Bicycle crossing|A signed bicycle crossing has the prescribed markings. A cyclist is about to use it. What applies?|You must give way to the cyclist.|A bicycle crossing has an explicit driver duty to yield to cyclists using or about to use it.|Cyclists always yield because they are smaller~Vehicle size does not establish priority.|The rule applies only to pedestrians~This is a bicycle crossing.|The cyclist must dismount first~Dismounting is not required at a bicycle crossing.
RULES|58|Entering a roundabout|You approach a signed roundabout. Who must you give way to?|All vehicles already circulating in it.|The entry obligation applies to circulating vehicles, including bicycles.|Only vehicles from your right~Roundabout entry has its own rule.|Only motor vehicles~Bicycles are vehicles too.|Nobody if you are taking the first exit~Your intended exit does not remove the duty.
RULES|58|Leaving a roundabout|Which signal is required when leaving a roundabout?|Indicate right.|An exit is a movement to the right and must be signalled.|Indicate left until fully outside~That gives the wrong exit message.|Use hazard warning lights~Hazard lights do not indicate a normal exit.|No signal if travelling straight overall~You still need to signal the exit.
RULES|58|Changing roundabout lanes|You are in an inner roundabout lane and want to cross the outer lane to exit. What must you do?|Check and change lanes only without danger or obstruction.|Being in the inner lane does not give priority over traffic in the outer lane.|Force outer-lane traffic to stop~Lane changes must be safe.|Exit immediately whenever you indicate~Indicating does not create a gap.|Stop abruptly in the circulating lane~An abrupt stop can cause a collision; continue around if needed.
RULES|68|Stopping in a tunnel|May you make a voluntary stop in a road tunnel to check directions?|No; continue to a suitable permitted stopping place.|Voluntary stopping and parking in a tunnel are prohibited.|Yes with hazard lights~Hazard lights do not legalise a voluntary stop.|Yes for less than one minute~Duration does not create an exception.|Yes if the engine stays on~Engine status does not change the restriction.
RULES|69|Before a pedestrian crossing|You want to park 6 metres before a pedestrian crossing. Is this permitted?|No, stopping and parking are prohibited within 10 metres before it.|A vehicle there can hide pedestrians from approaching drivers.|Yes if you remain in the car~Remaining inside does not remove the prohibition.|Yes if the crossing is empty~The distance rule still applies.|Yes if the car is small~Vehicle size does not remove the rule.
RULES|70|Waiting for a passenger|You wait at the roadside for a friend who is still inside a building. What is this normally classed as?|Parking.|Waiting is parking when no actual boarding, alighting, loading or unloading is taking place.|Always loading~Waiting for a person is not loading goods.|Never parking if the engine runs~A running engine does not change the definition.|A traffic-required stop~The traffic situation did not require you to wait.
RULES|71|Priority-road parking|May you park on a priority road where there is no sign permitting parking?|No.|Parking on a priority road is generally prohibited unless parking is specifically permitted.|Yes whenever there is a hard shoulder~A shoulder alone is not permission.|Yes for 24 hours~The ordinary parking time rule does not override this prohibition.|Yes with parking lights~Lights improve visibility but do not create permission.
RULES|71|Level-crossing parking|You want to park 20 metres from a railway crossing. What applies?|Parking is prohibited within 30 metres of the crossing.|The parking restriction extends 30 metres on either side of a railway or tramway crossing.|Parking is prohibited only on the rails~The restriction extends beyond the rails.|Parking is allowed if no train is visible~Train visibility does not change the distance rule.|Only large vehicles are prohibited~The restriction also applies to cars.
RULES|72|One-way parking|On which side may you park on a one-way street, if signs and other rules permit?|Either side.|One-way streets are an exception to the usual right-side stopping and parking rule.|Only on the right in all cases~One-way streets allow the left side too.|Only in the middle~Parking in the middle would obstruct traffic.|On the pavement~One-way status does not permit pavement parking.
RULES|73|Date parking|Date parking applies today, an even-numbered date. Which side is prohibited?|The side with even house numbers.|During the restriction's hours, the date and prohibited side have the same parity.|The side with odd numbers~That reverses the date-parking rule.|Both sides all day~Check the sign's times; the rule identifies one side.|Neither side on even dates~Even dates are covered by the rule.
RULES|73|Parking time panels|What do times in parentheses on a parking panel normally refer to?|Weekdays before Sundays and public holidays.|Parentheses cover the day before a Sunday or public holiday, not just ordinary Saturdays.|Only Sundays~Sundays and public holidays normally use red times.|Every weekday~Ordinary weekday times are shown without parentheses.|Only school holidays~School holidays do not define these times.
RULES|74|Bus-stop space|At an unmarked bus stop, where does the stopping restriction normally extend?|20 metres before and 5 metres after the stop sign.|The larger approach space allows a bus to enter its stop.|5 metres before and 20 after~That reverses the distances.|Exactly 10 metres on both sides~Those are not the bus-stop distances.|Only directly beside the sign~The protected area extends beyond the sign.
RULES|74|Picking up at a bus stop|May you briefly pick up a passenger at a bus stop?|Only if you do not hinder bus or tram traffic.|Actual boarding and alighting may be allowed, but the stop must remain usable by public transport.|Yes even if a bus must wait~You must not hinder the bus.|Only if you are also unloading furniture~Goods unloading is not the passenger exception.|Never under any circumstances~A limited passenger exception exists.
RULES|91|Motorway exit missed|You miss your motorway exit. What should you do?|Continue to the next suitable exit.|Reversing or turning around on a motorway is prohibited.|Reverse along the shoulder~Reversing is prohibited even on the shoulder.|Use an opening in the central barrier~Such openings are not for ordinary U-turns.|Stop and walk back to the exit~Stopping and walking on the motorway are not permitted for this purpose.
RULES|91|Acceleration lane|You join a motorway using an acceleration lane. What approach is correct?|Adapt your speed and cooperate with traffic to merge safely.|Both entering and existing traffic must show consideration and adapt.|Entering traffic has absolute priority~The lane does not grant absolute priority.|Motorway traffic must always stop~Stopping is not the normal merging method.|Merge without checking the blind spot~Mirrors alone can miss nearby vehicles.
RULES|91|Motorway eligibility|May a class I moped use a motorway because it can travel at 45 km/h?|No, mopeds are prohibited.|The design-speed requirement does not override the specific ban on mopeds.|Yes because 45 is above 40~Mopeds are explicitly excluded.|Yes on the shoulder only~The shoulder is not a moped route.|Yes if the driver holds a B licence~The vehicle prohibition still applies.
RULES|99|Overtaking at a crossing|On a normal two-way road, may you overtake a car immediately before an uncontrolled pedestrian crossing?|No.|Overtaking there can hide pedestrians and is prohibited.|Yes if you sound the horn~A horn does not create an exception.|Yes if the car is slow~Its speed does not remove the prohibition.|Yes if the centre line is broken~A broken line does not override the crossing restriction.
RULES|101|Overtaking speed|May you exceed the posted speed limit briefly to finish overtaking?|No.|The speed limit still applies during an overtake.|Yes by up to 10 km/h~There is no general overtaking allowance.|Yes for less than five seconds~Duration does not legalise speeding.|Yes if the other driver agrees~Another driver's agreement cannot change the limit.
RULES|108|Railway priority|A train approaches, but the railway crossing's red lights are not flashing. What must you do?|Give way to the train.|You must check for trains and yield even if warning equipment is not operating.|Cross because the red light is off~The absence of a red signal is not a guarantee.|Sound your horn and cross~A train cannot readily stop or swerve.|Expect the train to give way~Road vehicles yield to trains.
RULES|110|Queue beyond the railway|The traffic beyond a railway crossing has stopped, leaving no room for your car. What should you do?|Wait before the crossing until your whole vehicle can clear it.|Never enter a crossing if you risk stopping on the tracks.|Enter while the barriers are open~Open barriers do not make the space beyond sufficient.|Stop with only the rear over the rails~Any part of the car on the track is dangerous.|Follow closely to claim the gap~That can trap your car on the crossing.
RULES|116|Home-zone speed|A signed home zone appears empty. How fast may you drive?|At walking speed.|The walking-speed rule applies even when no pedestrian is visible.|At 30 km/h~A home zone is not an ordinary 30 zone.|At 50 km/h~The home-zone rule replaces the ordinary limit.|As fast as visibility allows~Walking speed remains the maximum.
RULES|117|Bicycle-street speed|You drive on a signed bicycle street. What speed rule applies?|Adapt to cyclists and never exceed 30 km/h.|The maximum is 30 km/h, but cyclists may require a lower speed.|Always drive exactly 30 km/h~Adaptation may require a much lower speed.|Walking speed in every case~That is the home-zone rule, not the bicycle-street maximum.|50 km/h when cyclists are absent~The 30 km/h maximum still applies.
RULES|117|Pedestrian-street access|May you use a pedestrian street as a convenient through route in your car?|No, ordinary through driving is not an authorised purpose.|Only specified essential access is allowed, such as certain deliveries or access to homes.|Yes if you drive at walking speed~Speed compliance alone does not authorise access.|Yes if there are no pedestrians~Absence of pedestrians does not permit through driving.|Yes after dark~The access restriction does not disappear at night.
RULES|262|Dipped and fog lights|May you use dipped headlights and front fog lights together?|No.|This combination is prohibited; use the permitted lighting appropriate to visibility.|Yes in all darkness~Darkness does not permit that combination.|Yes if your car is new~Vehicle age does not change the rule.|Yes when overtaking~Overtaking creates no lighting exception.
RULES|263|Signalling on a priority road|A priority road bends right at a junction and you follow it. Must you indicate the turn?|Yes, signal your change of direction.|Priority does not replace communicating your intention to turn.|No because you remain on the priority road~The direction change still needs signalling.|Only if leaving the priority road~It is the manoeuvre that matters.|Use the left indicator~That communicates the opposite direction.
PERSONAL|132|Deep learning|Which way of studying driving theory is most likely to build lasting understanding?|Understanding why rules exist and applying them to new situations.|Deep learning connects rules to their purpose, helping you handle unfamiliar situations.|Memorising only the answer letters~Letters can change and do not teach the rule.|Skipping explanations after correct answers~You may miss the reasoning needed in a different situation.|Learning only the easiest questions~That leaves important gaps in knowledge.
PERSONAL|132|Overlearning|Why should basic vehicle controls become well practised?|So more attention is available for traffic and hazards.|When gear changing and other controls become familiar, they require less conscious effort.|So you can stop observing the road~Observation remains essential.|So the car will never skid~Practice cannot eliminate physical limits.|So traffic rules no longer matter~Experience does not exempt a driver from rules.
PERSONAL|132|Imitation learning|What determines whether copying another driver's behaviour is useful?|Whether the behaviour being copied is safe and appropriate.|Imitation can teach good habits or reinforce dangerous ones.|Whether the driver has an expensive car~Car price does not prove good judgement.|Whether the driver is confident~Confidence can exist alongside unsafe habits.|Whether other people also do it~Common behaviour is not necessarily safe or lawful.
PERSONAL|132|Mature driving|Another driver stalls when the light turns green. What is the mature response?|Wait calmly and leave them room to recover.|Tolerance reduces pressure and helps prevent an ordinary mistake becoming a dangerous situation.|Sound the horn continuously~This adds stress rather than helping.|Drive very close to push them along~Tailgating increases danger.|Overtake without checking other traffic~Impatience does not justify an unsafe manoeuvre.
PERSONAL|133|Overconfidence|A new driver feels expert after a few months without an accident. What is the main concern?|They may underestimate risk and overestimate their ability.|Limited experience can produce confidence before reliable hazard judgement develops.|An accident-free period proves expert ability~It does not test every hazardous situation.|Confidence removes the need for safety margins~Margins are still necessary.|Only mechanical faults can now cause an accident~Human decisions remain a major risk.
PERSONAL|134|Probability learning|You rarely see trains at a crossing you use daily. What is the safe use of that experience?|Continue checking for trains every time.|A low past frequency does not make the next crossing safe.|Stop looking because trains are unlikely~Rare events can still occur.|Check only at the times you remember trains~Timetables and circumstances can change.|Use the car ahead as proof of safety~Conditions may change before you cross.
PERSONAL|134|Excessive stress|You are running late and feeling increasingly stressed. What is the best response?|Allow for the delay and continue driving calmly.|Excessive stress can narrow attention and impair judgement; speeding adds risk.|Take smaller gaps to regain time~That increases collision risk.|Use the horn to make others hurry~It does not make the journey safer.|Focus only on the destination~That draws attention away from current hazards.
PERSONAL|134|Planning time|How can you reduce stress before a journey?|Allow enough time and plan the route before setting off.|A realistic schedule reduces pressure to rush or make sudden decisions.|Plan to recover delays by speeding~That creates pressure and risk.|Leave route decisions until busy junctions~Last-second navigation increases distraction.|Choose the shortest following distance~This reduces safety margins rather than stress.
PERSONAL|135|Negative peer pressure|Passengers urge you to drive faster because they are late. What should you do?|Keep a safe lawful speed and explain that safety comes first.|The driver remains responsible even when passengers pressure them.|Speed up because passengers share responsibility~Pressure does not transfer the driver's duty.|Show your skill by taking bigger risks~That is precisely the dangerous response.|Let the loudest passenger choose your speed~Passengers do not control your legal obligations.
PERSONAL|135|Positive peer pressure|Which passenger behaviour can improve road safety?|Calmly asking the driver to slow down when driving unsafely.|Passengers can support safer choices rather than encourage risk-taking.|Distracting the driver during a difficult junction~This competes with essential attention.|Encouraging a risky overtake~That increases pressure to take risks.|Staying silent about dangerous driving~Silence can be interpreted as approval.
PERSONAL|140|Alcohol threshold|At what blood alcohol concentration does the numerical Swedish drink-driving limit begin?|0.2 per mille.|The numerical threshold is 0.2 per mille in blood, corresponding to 0.1 mg per litre of exhaled air.|0.2 percent~Percent and per mille differ by a factor of ten.|0.5 per mille~That is above Sweden's threshold.|1.0 per mille~That is the numerical threshold associated with aggravated drink-driving.
PERSONAL|140|Aggravated drink-driving threshold|Which blood alcohol level is the numerical threshold for aggravated drink-driving?|1.0 per mille.|A level of at least 1.0 per mille is one criterion for aggravated drink-driving; other circumstances can also matter.|0.1 per mille~That is not the aggravated numerical threshold.|0.2 per mille~That is the ordinary numerical drink-driving threshold.|2.0 per mille~Aggravated drink-driving can apply well below this level.
PERSONAL|141|Alcohol breakdown|What reliably speeds up the body's elimination of alcohol before driving?|None of these tricks; the body needs time.|Coffee, showers and exercise do not provide a reliable shortcut to alcohol elimination.|Drinking strong coffee~Feeling more alert does not remove alcohol faster.|Taking a cold shower~A shower does not accelerate the necessary metabolism.|Exercising hard for ten minutes~Exercise does not make you safely sober on demand.
PERSONAL|141|The morning after|You feel exhausted after drinking the previous evening. What should you consider before driving?|Both remaining alcohol and impaired fitness from fatigue.|Feeling hungover or sleep-deprived can impair driving even after alcohol levels decline.|Only whether you can smell alcohol~Smell cannot determine blood alcohol or fitness.|Coffee guarantees safe driving~Alertness does not establish sobriety or fitness.|Sleep always removes all alcohol overnight~The amount consumed and time elapsed matter.
PERSONAL|141|Prescribed medication|A prescribed medicine makes you drowsy. What should you do about driving?|Do not drive while impaired and seek advice about its effects.|A prescription does not authorise driving when the medicine makes you unsafe.|Drive because a doctor prescribed it~You remain responsible for safe driving.|Double the dose to finish treatment sooner~That can worsen impairment and is not driving advice.|Ignore the leaflet if the journey is short~A short journey can still involve serious hazards.
PERSONAL|142|Drugs and driving|What is a dangerous effect of stimulant drugs on driving?|Overconfidence while fatigue may be masked.|Feeling stimulated does not mean judgement and reaction are safe.|They guarantee better judgement~Stimulation can distort risk assessment.|They make sleep unnecessary~Suppressed tiredness does not remove the need for sleep.|They eliminate collision risk~No drug removes road hazards.
PERSONAL|143|Handheld phone|May you use a handheld phone while driving if you keep one hand on the wheel?|No.|The handheld-phone prohibition is not avoided by keeping the other hand on the wheel.|Yes if the call is short~Call duration does not create an exception.|Yes when using its speaker~Holding it while using speaker mode is still handheld use.|Yes on a familiar road~Familiarity does not remove distraction or the prohibition.
PERSONAL|143|Hands-free distraction|Why can a hands-free call still be dangerous?|The conversation can take attention away from driving.|Free hands do not guarantee an undistracted mind.|Hands-free calls cannot affect concentration~Conversation still uses mental attention.|Only the phone's weight creates risk~The cognitive distraction is important.|Hands-free makes road observation unnecessary~You must continue observing and responding to traffic.
PERSONAL|143|Navigation preparation|When should you enter a complicated destination into your navigation system?|Before moving off, or after stopping somewhere safe and permitted.|Navigation setup can divert eyes and attention from the road.|While entering a roundabout~A roundabout requires full attention.|While overtaking because the road is straight~Overtaking requires careful observation.|Whenever traffic behind is slow~Traffic speed does not remove distraction.
PERSONAL|148|Fatigue and legality|Can it be prohibited to drive because of tiredness?|Yes, if you cannot drive safely.|Fitness to drive includes fatigue, not just alcohol or illness.|No because tiredness cannot be measured like alcohol~The safety duty still applies.|No on a journey under ten kilometres~There is no general short-trip exemption.|Only professional drivers need to be rested~All drivers must be fit to drive.
PERSONAL|149|Fatigue warning signs|You yawn repeatedly and struggle to keep a steady speed. What should this prompt?|Stop safely and address the tiredness.|These are warning signs that concentration and control may be deteriorating.|Increase speed to arrive sooner~Higher speed increases consequences and workload.|Open a window and assume the problem is solved~Fresh air is not a reliable cure for fatigue.|Follow another vehicle very closely~That reduces reaction margin when you need more of it.
PERSONAL|150|Microsleep|What is microsleep in driving?|A brief unintended episode of sleep.|Even a very brief loss of awareness can cover a substantial distance at road speed.|A deliberate mirror check~Microsleep is a loss of wakefulness.|Normal blinking with full awareness~Microsleep involves sleep rather than ordinary blinking.|A safe way to rest on straight roads~Any sleep while driving is dangerous.
PERSONAL|150|Recovering from tiredness|What is the fundamental remedy for sleep deprivation?|Adequate sleep.|Temporary alertness measures do not replace restorative sleep.|Loud music~It cannot restore lost sleep.|Driving with the window open~Cool air may feel refreshing but is not a reliable remedy.|Concentrating harder indefinitely~Willpower does not prevent involuntary sleep.
PERSONAL|154|Central vision|Which task relies particularly on central vision?|Reading the precise wording on a road sign.|Central vision provides the detail needed to identify text and fine features.|Detecting only vague movement at the edge of sight~That is mainly a peripheral-vision function.|Hearing an approaching siren~That uses hearing rather than vision.|Feeling the car skid~That uses physical sensations as well as sight.
PERSONAL|154|Peripheral vision|Why is peripheral vision important in traffic?|It helps detect movement and potential hazards outside your direct focus.|You can then turn your eyes to inspect the detected hazard more precisely.|It reads small sign text better than central vision~Central vision is better for fine detail.|It is unaffected by alcohol and tiredness~Both can impair visual attention.|It eliminates the need to move your gaze~You still need active scanning.
PERSONAL|155|Scanning ahead|Which observation habit is generally safer?|Move your gaze and scan both near and far ahead.|Flexible scanning helps detect developing hazards before they become urgent.|Fix your gaze on the bumper ahead~That narrows your information to one small area.|Look only at road signs~Other road users and roadside activity matter too.|Watch the speedometer continuously~You must also watch the road and surrounding traffic.
PERSONAL|156|One headlight at night|You see one light approaching at night. What should you remember?|It may be a wider vehicle with a failed headlight.|Assuming every single light is a narrow motorcycle can lead to inadequate clearance.|It must be a bicycle~Several vehicle types can appear as one light.|It is safe to move towards the centre line~That reduces clearance if the vehicle is wider than expected.|Its speed must be low~The number of lights does not establish speed.
PERSONAL|157|Tunnel vision|What is a danger of tunnel vision?|Missing hazards at the sides of the road.|Stress, fatigue and alcohol can narrow attention to a smaller area.|Seeing too much roadside detail~Tunnel vision reduces peripheral awareness.|Automatically improving reaction time~Narrowed awareness may delay hazard detection.|Becoming immune to distractions~Tunnel vision is an impairment, not protection.
PERSONAL|93|Speed blindness|After a long motorway drive, 60 km/h feels unusually slow. What should you do?|Check the speedometer and adapt to the new road conditions.|Prolonged high speed can distort your subjective perception of speed.|Trust the feeling and accelerate~Your feeling may underestimate actual speed.|Keep motorway following distances only by intuition~Perception may be distorted.|Assume the speedometer is wrong~The changed feeling alone is not evidence of a fault.
ENVIRONMENT|304|Fossil carbon dioxide|Why does burning fossil petrol contribute to climate change?|It adds carbon dioxide from long-stored carbon to the atmosphere.|Carbon dioxide contributes to the enhanced greenhouse effect.|Because it removes all oxygen from the atmosphere~That is not the mechanism described.|Because carbon dioxide is the same gas as carbon monoxide~They are different compounds with different effects.|Because headlights heat the whole planet directly~Fuel-related greenhouse gas emissions are the relevant mechanism.
ENVIRONMENT|305|Catalytic converter warm-up|When is a conventional catalytic converter least effective?|Just after a cold engine is started.|It needs to reach operating temperature to treat exhaust effectively.|Only during summer~Cold-start temperature, not the season alone, is the issue.|Only after a long warm journey~A warmed converter normally works more effectively.|Whenever the headlights are on~Headlight use does not determine catalyst temperature.
ENVIRONMENT|305|Catalytic converter limits|Does a catalytic converter remove the climate impact of burning fossil fuel?|No, fossil carbon dioxide emissions remain.|Converters reduce several harmful pollutants but do not make fossil-fuel driving climate-neutral.|Yes, it removes all carbon dioxide~Conventional converters do not do that.|Yes, once the engine is warm~Warmth improves pollutant treatment, not elimination of fossil carbon.|Only at motorway speeds~Speed does not turn it into a carbon-capture device.
ENVIRONMENT|306|Engine-heater timer|Why use a timer with an engine heater?|To warm the engine when needed without wasting electricity.|Excessive heating time adds energy use without proportional benefit.|To run the heater continuously all year~That wastes electricity.|To avoid ever servicing the engine~Heating does not replace maintenance.|To warm the tyres instead of the engine~The device is intended to warm the engine.
ENVIRONMENT|306|Roof-box resistance|An empty roof box is no longer needed. What is the best choice for efficiency?|Remove it.|Even an empty roof box increases aerodynamic drag and can increase consumption.|Keep it because empty objects cause no drag~Air resistance does not depend only on weight.|Open its lid while driving~That increases drag and is unsafe.|Lower tyre pressure to compensate~Underinflation increases rolling resistance and harms handling.
ENVIRONMENT|306|Tyre pressure and energy|How does underinflation normally affect fuel use?|It increases rolling resistance and can increase fuel consumption.|Use the manufacturer's recommended pressure for the load and conditions.|It always reduces consumption~Soft tyres generally require more energy to roll.|It eliminates tyre wear~Incorrect pressure can increase wear.|It is the safest way to save fuel~Efficiency must not come from incorrect tyre settings.
ENVIRONMENT|306|Air conditioning|How can you use air conditioning sensibly?|Use it as needed for comfort, alertness and clear windows without unnecessary cooling.|Air conditioning uses energy, but visibility and safe alertness take priority.|Always switch it off even if windows mist~Clear visibility is essential.|Set maximum cooling in an empty parked car~That wastes energy.|Ignore driver overheating to save fuel~Discomfort and fatigue can harm safe driving.
ENVIRONMENT|307|Car washing|Where is the environmentally preferable place to wash a car?|A purpose-built wash facility that treats wastewater.|Treatment helps prevent oils and other residues reaching waterways.|A street drain near a stream~Polluted wash water can enter the environment.|On a lake shore~That puts contaminants close to the water.|Anywhere if plenty of detergent is used~More detergent does not make untreated discharge harmless.
ENVIRONMENT|307|Carbon monoxide|What is a major danger of carbon monoxide?|It interferes with the blood's oxygen transport.|Carbon monoxide can cause serious poisoning; exhaust must not accumulate around people.|It improves oxygen delivery~It has the opposite effect.|It is harmless because it may be invisible~Visibility does not establish safety.|It is only a problem for plants~People are also vulnerable to poisoning.
ENVIRONMENT|307|Nitrogen oxides|Which environmental problem is associated with nitrogen oxides from traffic?|Airway irritation and contributions to acidification and ground-level ozone.|Nitrogen oxides are air pollutants with health and environmental effects.|They purify city air~They contribute to pollution.|They are identical to water vapour~They are different substances.|They only change the colour of tyres~Their effects concern air chemistry and health.
ENVIRONMENT|308|Traffic particles|Why are traffic particles a health concern?|They can harm the respiratory system.|Particles arise from exhaust and wear, including tyres and road surfaces.|They are all too large to breathe in~Fine particles can be inhaled.|Electric cars eliminate every road particle~Tyre and road wear still occur.|They affect visibility but never health~Health effects are an important concern.
ENVIRONMENT|308|Traffic noise|Which driving choice can reduce unnecessary traffic noise?|A lower appropriate speed and smooth acceleration.|Noise depends on both the engine and tyre-road interaction.|Repeated hard acceleration~That tends to increase noise.|Revving the engine while stationary~That creates unnecessary disturbance.|Using the horn to announce every junction~Routine horn use is not a noise-reduction measure.
ENVIRONMENT|312|Efficient gear choice|In a manual car, which gear choice generally saves fuel without straining the engine?|Use a suitably high gear while the engine runs smoothly.|A high appropriate gear reduces engine speed; downshift if the engine labours.|Always use the highest gear regardless of speed~An unsuitable gear can make the engine labour.|Stay in first gear for city driving~First gear is mainly for moving off.|Keep the clutch partly pressed~That wastes energy and can wear the clutch.
ENVIRONMENT|313|Looking ahead for efficiency|You see a red traffic light far ahead. What is usually efficient and safe?|Ease off early and prepare to stop smoothly.|Anticipation avoids wasting energy accelerating towards a stop.|Maintain acceleration until the last moment~That wastes energy and demands harder braking.|Switch off the engine while moving~That can compromise vehicle systems and control.|Ignore the red light to preserve momentum~Safety and traffic rules take priority.
ENVIRONMENT|313|Engine braking|What is engine braking in a conventional manual car?|Slowing with the accelerator released while a suitable gear remains engaged.|The engine resists rotation; many fuel-injected cars cut fuel during overrun under suitable conditions.|Pressing the clutch and coasting~That disconnects the engine from the driven wheels.|Switching the ignition off on a downhill~That can compromise control and is not the technique.|Accelerating in neutral~That uses fuel without propelling the car.
ENVIRONMENT|314|Safety before economy|A pedestrian unexpectedly steps into your path. What should take priority over saving fuel?|Brake as needed to avoid a collision.|Eco-driving must never delay an essential safety response.|Use only gentle engine braking~That may not slow the car sufficiently.|Maintain speed to avoid wasting momentum~That disregards the pedestrian's safety.|Change to a higher gear first~The urgent need is collision avoidance.
ENVIRONMENT|318|Electric-car emissions|Which statement about an electric car is accurate?|It has no tailpipe exhaust while driving, but production and energy supply still have impacts.|Considering the full life cycle includes electricity, materials and manufacturing.|It has no environmental impact at all~Manufacturing and energy supply still matter.|Its tyres never wear~Tyres and road surfaces still wear.|Its battery needs no raw materials~Battery manufacture requires materials and energy.
ENVIRONMENT|318|Hybrid power|What characterises a typical hybrid car?|It combines an electric motor with a combustion engine.|The two power sources can be used according to driving conditions and vehicle design.|It uses only solar panels~That is not the usual hybrid arrangement.|It must run exclusively on diesel~A typical hybrid is not defined by diesel alone.|It cannot use electricity~An electric motor is part of the hybrid system.
ENVIRONMENT|318|Plug-in hybrid|What distinguishes a plug-in hybrid from a conventional non-plug-in hybrid?|Its traction battery can be charged from an external electricity supply.|External charging allows electric driving using energy obtained before the trip.|It has no combustion engine~It is still a hybrid.|It never needs energy~All vehicles need energy.|Its tyres charge the battery from sunlight~That is not how external charging works.
ENVIRONMENT|318|Trip choice|For a short journey with a safe walking or cycling route, which choice reduces car-related energy use most?|Walk or cycle instead of using the car.|Avoiding the car trip avoids its fuel or traction-energy use.|Warm the car by idling first~That adds energy use.|Drive twice as fast~That is unsafe and does not avoid the trip's emissions.|Leave an empty roof box fitted~That can increase drag.
ENVIRONMENT|319|Environmental zones|Why should you check local environmental-zone rules before driving into a city?|Access may depend on the vehicle's emission class and the zone category.|Municipal zones can restrict specified vehicle types to improve local air quality.|All cars have automatic access~Some vehicles may be restricted.|Payment of fuel tax cancels restrictions~Fuel tax does not grant access.|A clean-looking car always qualifies~The registered vehicle characteristics matter, not appearance.
ENVIRONMENT|319|Emission classification|Where can you check the vehicle's registered emissions classification?|Its registration information.|The registration data identifies the vehicle's relevant technical classification.|By the colour of its paint~Paint does not identify an emissions class.|Only from the number of seats~Seat count does not establish exhaust standards.|By checking whether the horn works~The horn is unrelated to emissions classification.
ENVIRONMENT|205|Studs and air quality|Why can cities restrict studded tyres on particular roads?|Studs contribute to road wear and airborne particles.|Local air-quality concerns can lead to signed restrictions.|Because studs remove all road dust~They can generate wear particles instead.|Because winter tyres never provide grip~Their purpose is traction in winter conditions.|Because every studded tyre is illegal in winter~General seasonal rules and local restrictions are different.
ENVIRONMENT|306|Unnecessary weight|What should you do with heavy equipment you no longer need in the car?|Remove it before future journeys.|Moving unnecessary mass requires energy, especially during acceleration.|Keep it to improve fuel economy automatically~Extra mass does not automatically improve efficiency.|Move all of it onto the roof~That adds drag and raises the centre of gravity.|Leave it unsecured on the rear seat~Unsecured cargo is a collision hazard.
SAFETY|7|Defensive driving|Which approach best describes defensive driving?|Anticipating mistakes and keeping safety margins.|You cannot control other people's behaviour, so leave room to respond.|Insisting on priority at every opportunity~That can turn another person's mistake into a collision.|Driving as close as possible to prevent overtaking~That removes safety margins.|Assuming everyone follows every rule~People can misunderstand or make mistakes.
SAFETY|9|Speed and visibility|The limit is 70 km/h, but a bend hides the road ahead. How should you choose speed?|Slow enough to stop within the visible safe distance.|The posted limit is a maximum, not a guarantee that it is safe in current conditions.|Always maintain 70 km/h~Visibility may require substantially less.|Accelerate through the blind section~That lengthens the distance needed to stop.|Use the horn instead of slowing~A warning sound does not improve stopping ability.
SAFETY|17|Blind spots|Before changing lanes, why should you look over your shoulder as well as use mirrors?|A vehicle may be in a blind spot outside the mirrors' view.|A final blind-spot check can reveal nearby road users before a sideways movement.|Mirrors show every possible position~They have coverage limits.|It gives you priority over the other lane~Observation does not establish priority.|It replaces the need to indicate~Checking and signalling serve different purposes.
SAFETY|46|Waving pedestrians across|Why should you avoid waving a pedestrian across a multi-lane road?|They may assume all lanes are safe when another vehicle is approaching.|You can control your own vehicle but cannot promise that other drivers will stop.|Pedestrians are never allowed to cross~Crossings are intended for them.|Hand gestures always have legal priority~Your gesture is not a police instruction.|It makes your brakes less effective~The risk is misleading reassurance, not brake performance.
SAFETY|79|Waiting to turn left|You must wait before turning left across oncoming traffic. How should you hold your front wheels?|Keep them straight until you can turn.|If hit from behind, straight wheels reduce the risk of being pushed into oncoming traffic.|Turn them left while waiting~A rear impact could push you across the centre line.|Turn fully right in every case~That is not the normal waiting position.|Keep rolling into the opposing lane~That obstructs oncoming traffic.
SAFETY|79|Risky country-road left turn|Heavy traffic makes a country-road left turn unsafe. What is a sensible alternative?|Continue to a suitable turning place and return for a right turn.|Avoiding a hazardous waiting position can reduce rear-end and crossing risks.|Stop suddenly without signalling~Following drivers may not react in time.|Force an oncoming driver to brake~You must not create that conflict.|Reverse back along the main road~That introduces a dangerous manoeuvre.
SAFETY|81|Three-second gap|How do you use the three-second following-distance guideline?|Count the time between the car ahead and your car passing the same fixed point.|A time gap scales with speed; poor conditions require a larger margin.|Count three car lengths at every speed~Three car lengths are insufficient at high speeds.|Watch how long the lead car's brake lights stay on~That does not measure your following gap.|Look away from the road for three seconds~Observation must continue while counting.
SAFETY|81|A tailgating driver|A car follows you too closely. How can you reduce the risk?|Increase your gap to the vehicle ahead and avoid sudden braking.|More space ahead lets you slow gradually, giving the following driver more time.|Brake sharply to teach them a lesson~That can trigger a rear-end collision.|Close your own following gap~That leaves less time for a smooth response.|Speed beyond the limit~That adds risk and does not solve the underlying problem.
SAFETY|82|Roadworks|What is especially important when passing road workers?|Reduce speed and leave a generous margin.|Workers are exposed and temporary layouts can be unfamiliar.|Maintain speed to pass them quickly~That increases danger in a constrained area.|Ignore temporary markings~Temporary traffic arrangements may replace normal ones.|Drive close to the cones to save space~People or equipment may be just beyond them.
SAFETY|83|Passing horses|How should you pass a horse and rider?|Slow down, leave ample space and avoid sudden noise.|Horses may react unpredictably to noise and nearby vehicles.|Sound the horn continuously~That can frighten the horse.|Rev the engine while passing~Sudden engine noise can provoke a reaction.|Pass very close but quickly~That gives the animal little room and can startle it.
SAFETY|98|Overtaking decision|What must be available before overtaking on a two-way road?|Enough visible clear distance to complete the manoeuvre safely.|You need space for the entire overtake, including a safe return to your lane.|Only enough space to pull alongside~You also need to finish and return safely.|A faster car than the one ahead~Power alone does not provide visibility or a gap.|A broken centre line regardless of the view~A broken line does not make a blind overtake safe.
SAFETY|100|Being overtaken|Another driver begins an unsafe overtake of your car. What should you do?|Avoid accelerating and help create a safe outcome.|Your duty to prevent danger remains even if the other driver breaks a rule.|Accelerate to stop them passing~That prolongs the conflict.|Move left to block them~That can cause a collision.|Treat their mistake as removing your duties~All drivers retain safety obligations.
SAFETY|110|Trapped on railway tracks|Your car cannot move off railway tracks and a train may approach. What is the immediate priority?|Get everyone away from the tracks and alert emergency services.|Protect people first; call 112 and report the exact crossing and obstruction.|Stay inside to protect luggage~Remaining in the vehicle can be fatal.|Walk along the tracks to stop the train~That exposes you to another danger.|Wait quietly for the next road user~The rail operator needs urgent warning through emergency services.
SAFETY|124|Hidden ice|Why are isolated icy patches particularly treacherous?|The road may look safe, so drivers may not adapt in time.|Unexpected low grip is dangerous when speed and steering are chosen for dry conditions.|Ice always looks bright white~Thin ice can be difficult to see.|A dry stretch guarantees the next bend is dry~Surface conditions can change locally.|Modern tyres make ice irrelevant~Tyres cannot remove the limits of grip.
SAFETY|125|Bridges in cold weather|Why can a bridge freeze before nearby road sections?|Cold air can cool it from above and below.|Bridge surfaces can become icy even when nearby roads appear clear.|Bridge paint creates heat~That is not the reason for early freezing.|Traffic lights cool bridges~Signals do not explain the temperature difference.|Only unpaved roads freeze~Paved bridges can also ice over.
SAFETY|125|Snow smoke|A lorry ahead throws up a cloud of loose snow. What should you do?|Increase the following distance and reduce speed as visibility requires.|Snow spray can hide traffic and road edges.|Move very close to see through the cloud~That removes stopping margin.|Overtake without seeing the full distance~Hidden oncoming traffic may be present.|Use high speed to escape the snow~Speed increases risk when visibility is poor.
SAFETY|125|Freezing rain|Rain falls near freezing temperature onto a cold road. What risk should you anticipate?|A nearly invisible slippery ice layer.|Rain can freeze on contact and dramatically reduce grip.|Rain always improves grip~On a cold surface it can create ice.|Only deep snow is slippery~Thin ice can be far more deceptive.|The road is safe if it looks wet~A wet appearance may hide ice.
SAFETY|127|Seasonal slippery surfaces|After a long dry spell, the first rain begins. What should you consider?|Dirt and residues can make the surface unusually slippery.|Water can mix with accumulated contaminants, reducing grip.|Summer rain can never affect grip~Wet surfaces can be slippery in any season.|The first rain guarantees maximum tyre grip~Contaminants can initially worsen it.|Only temperature below zero matters~Loss of grip is not limited to ice.
SAFETY|162|A person with a white cane|How should you respond when a person using a white cane crosses ahead?|Stop in good time and avoid confusing or startling them.|A visually impaired pedestrian may rely strongly on sound and a predictable traffic situation.|Rev to tell them to hurry~That can confuse or frighten them.|Assume eye contact is enough~They may not be able to see you.|Move as soon as they are barely out of your lane~Waiting until they complete the crossing can avoid confusing engine noise.
SAFETY|163|Guide dogs|How should you behave around a guide dog working in traffic?|Avoid distracting it.|The dog is helping its handler navigate and needs to remain focused.|Call it over to show friendliness~That interrupts its work.|Assume it understands traffic signals like a driver~It does not replace the handler's traffic judgement.|Sound your horn to greet it~Unnecessary noise can distract both dog and handler.
SAFETY|168|Children beside the road|You make eye contact with a child standing by the kerb. What can you safely assume?|The child may still move unexpectedly.|Children can act impulsively despite appearing to have noticed you.|They will definitely wait~Eye contact is not a guarantee.|They judge speed as accurately as an experienced adult~Their abilities are still developing.|You can stop monitoring them~Their next movement remains relevant.
SAFETY|169|Parked cars near a school|Why should you slow down near parked cars outside a school?|A small child may be completely hidden until stepping out.|Children's height and impulsive behaviour create a hazard that can appear suddenly.|Parked cars always create priority for you~Priority does not remove the need for care.|Children only cross at marked crossings~They may cross unpredictably.|The horn guarantees children will stop~A horn is not a reliable safeguard.
SAFETY|169|Stopped school bus|What is the main hazard when passing a stopped school bus?|Children may emerge from in front of or behind it.|The bus obscures your view and children may not check traffic reliably.|Its paint may dazzle you~The central danger is hidden children.|All children always wait until every car passes~That assumption is unsafe.|Only the bus driver can create a hazard~Passengers can enter the road unexpectedly.
SAFETY|175|Arriving at a collision|You are first at a serious road collision. What should guide your actions?|Assess danger, protect people and call 112 with clear location details.|A safe assessment helps avoid further casualties and gets suitable help to the scene.|Rush into traffic without looking~You could become another casualty.|Take photographs before checking danger~Immediate safety takes priority.|Leave because you did not cause it~Assistance may be urgently needed.
SAFETY|176|Dangerous-goods collision|A damaged lorry displays dangerous-goods panels and is leaking. What should you do?|Keep a safe distance and inform emergency services.|Leaking substances may be toxic, flammable or explosive.|Approach closely to smell the liquid~That risks exposure.|Light a flame to identify the substance~That can ignite flammable material.|Drive through the spill~It can spread contamination or expose occupants.
SAFETY|177|Minor parking collision|You accidentally strike an unattended parked car. What should you do?|Try to contact its owner and contact police if you cannot reach them.|Leaving without dealing with the incident can constitute leaving the scene.|Drive away if damage seems small~Damage can be hidden and duties remain.|Wait until next month to mention it~The response should not be postponed.|Only photograph your own car~That does not inform the affected owner.
SAFETY|177|Wildlife risk|When is extra attention to large animals especially important?|Around dusk and dawn near wildlife habitats and fence openings.|Animals can enter the road suddenly, particularly at common crossing points.|Only at midday in cities~Risk is not limited to that setting.|Only when an animal is already on the road~Early anticipation helps prevent the collision.|Never after a warning sign's stated distance ends~Animals can occur outside signed stretches too.
SAFETY|178|Wildlife collision reporting|You collide with a roe deer which runs away. What should you do?|Warn traffic, mark the collision location safely and notify police.|Roe-deer collisions must be reported even when the animal leaves the scene.|Assume it is uninjured and leave~Injury may not be visible.|Chase it into the forest~That can hinder tracking and expose you to danger.|Report only if your car is damaged~Damage to your vehicle is not the reporting criterion.
SAFETY|179|Warning triangle|Your car breaks down on a 70 km/h road. How should you warn approaching traffic?|Use the warning triangle at a suitable distance where it gives early warning, if safe to place.|Drivers need warning before reaching the obstruction; avoid putting yourself in traffic.|Put it inside the boot where nobody can see it~It must be visible to approaching traffic.|Stand in the lane holding it~That exposes you to collision.|Use hazard lights as permission to remain anywhere~Warning lights do not remove the need to seek safety.
SAFETY|183|Vision Zero|What is the central aim of Vision Zero?|No one should be killed or seriously injured in road traffic.|The approach includes safer roads, vehicles and behaviour while recognising human mistakes.|No vehicles should ever use roads~That is not the strategy.|Only drivers should be responsible for all design failures~Road-system design also matters.|Minor property damage is the only concern~Preventing severe harm to people is central.
SAFETY|232|Seat belt and airbag|Does an airbag replace the need for a seat belt?|No, they are designed to work together.|The belt helps position and restrain you so the airbag can provide appropriate protection.|Yes at low speeds~The belt is still necessary.|Yes if you sit very close to the steering wheel~Sitting too close adds risk.|Only passengers need seat belts~Drivers also need restraint.
SAFETY|234|Head restraint|What is the safety purpose of a correctly adjusted head restraint?|To reduce damaging head movement in a collision.|It helps limit neck strain, especially in rear impacts.|To replace the seat belt~It does not restrain the whole body.|Only to make sleeping comfortable~It is a crash-safety feature.|To improve rear tyre grip~It does not affect tyre contact.
SAFETY|238|Rear-facing child restraint|Why are rear-facing restraints recommended for young children?|They support the head and neck and distribute crash forces.|A young child's relatively heavy head and vulnerable neck need suitable support.|They remove the need to secure the seat~The restraint must still be installed correctly.|They are safe in front of an active passenger airbag~That combination is dangerous.|They allow any child to use any seat size~The restraint must fit the child and vehicle.
SAFETY|238|Child-restraint height rule|A child is 125 cm tall on an ordinary planned car journey. What is normally required?|An appropriate approved child restraint.|Children shorter than 135 cm normally need a child seat or suitable booster restraint.|An adult's lap~An adult cannot safely restrain a child in a crash.|Only the ordinary belt regardless of fit~A suitable child restraint is normally required below 135 cm.|No belt in the back seat~Rear-seat occupants also need protection.
SAFETY|235|Child seat and airbag|A rear-facing child seat is installed in the front passenger position. What must happen to that position's frontal airbag?|It must be deactivated.|An inflating frontal airbag can strike the rear-facing seat with fatal force.|Leave it active for extra protection~It creates a severe hazard in this arrangement.|Deactivate it only above 50 km/h~The danger is not limited to high speed.|Place a cushion between seat and dashboard instead~That does not neutralise airbag deployment.
VEHICLE|188|Vehicle definition|Which road user is operating a vehicle under the traffic definitions?|A person riding a bicycle.|Bicycles are vehicles even though they do not have engines.|Only someone in a motor vehicle~The definition also includes non-motorised vehicles.|Only someone driving on rails~Rail-bound transport is excluded from this definition.|A pedestrian walking without equipment~A pedestrian is a road user but not operating a vehicle in this example.
VEHICLE|190|Light-lorry speed|A light lorry has no trailer. Which maximum speed generally applies?|The speed limit of the road, subject to safe adaptation.|It is not subject to the same general vehicle-specific cap as a heavy lorry.|Always 70 km/h~That is not a universal light-lorry limit.|Always 80 km/h~This confuses it with other vehicle rules.|Any speed if carrying no load~The road limit still applies.
VEHICLE|196|Reaction versus braking|Which distance is travelled before you begin braking after noticing a hazard?|Reaction distance.|Reaction distance covers the driver's response interval; braking distance begins when braking starts.|Braking distance~That starts after the reaction interval.|Wheelbase~That is a physical vehicle dimension.|Only the stopping distance after the car halts~No distance is travelled after it has stopped.
VEHICLE|198|Braking-speed relationship|With otherwise identical grip and braking, what happens to braking distance when speed doubles?|It becomes approximately four times as long.|Braking distance grows approximately with the square of speed.|It stays the same~The car has much more kinetic energy.|It doubles only~That describes the speed relationship for reaction distance at fixed reaction time.|It is halved~Higher speed does not shorten braking distance.
VEHICLE|202|Tyres and reaction time|Do worn tyres directly change the driver's reaction time?|No, but they can worsen the braking phase.|Reaction time is the human response interval; tyre grip affects what happens during braking.|Yes, they halve reaction time~Tyres do not speed up the driver's mental response.|Yes, they always double reaction time~There is no such direct relationship.|No, so tyre condition is irrelevant~Tyre condition is crucial for grip and stopping.
VEHICLE|204|Summer tread depth|What is the minimum permitted tread depth for ordinary summer use on a passenger car?|1.6 mm.|The legal minimum is 1.6 mm, though wet performance can deteriorate before that minimum.|0.6 mm~That is below the permitted minimum.|3 mm in every season~Three millimetres is the winter-condition requirement for relevant light vehicles.|8 mm~That is closer to new-tyre depth than the legal minimum.
VEHICLE|205|Winter-tyre requirement|For a normal passenger car, when are winter tyres required if winter road conditions exist?|1 December to 31 March.|The requirement depends on both the date interval and winter road conditions.|Every day from September to May~That is not the specified requirement interval.|Only when snow is actively falling~Ice, slush and frost can also count.|Only on country roads~The requirement is not limited to country roads.
VEHICLE|204|Winter tread depth|During the required winter period and winter road conditions, what minimum tread depth applies to a normal light passenger car?|3 mm.|The winter requirement is higher than the ordinary 1.6 mm minimum.|1 mm~That is below both relevant minima.|1.6 mm~That is insufficient for this winter-condition requirement.|9 mm~That is not the legal minimum.
VEHICLE|205|Studded tyres outside the normal season|It is May and wintry road conditions are expected. May studded tyres be used under the general seasonal rule?|Yes, when winter conditions prevail or are expected.|The seasonal prohibition has an exception for actual or expected winter road conditions.|Never after 15 April~The winter-condition exception can apply.|Only if the road is a motorway~The exception is not based on motorway status.|Only at night~Time of day is not the criterion.
VEHICLE|206|Tyre-pressure reference|Where should you find the correct tyre pressures for your load?|The vehicle's specified pressure information and tyre guidance.|Recommended pressure depends on the vehicle, tyres and load.|Use the same pressure for every car~Vehicles have different requirements.|Inflate until the tyre looks perfectly rigid~Appearance does not reliably measure pressure.|Copy a nearby bicycle's pressure~Bicycle and car tyres have different specifications.
VEHICLE|207|Wheel imbalance|The steering wheel vibrates at certain speeds. Which fault is a possible cause?|Wheel imbalance.|An imbalanced rotating wheel can produce speed-dependent vibration and should be checked.|A full washer-fluid tank~Washer fluid does not normally cause this symptom.|Correctly functioning indicators~Indicator operation does not unbalance wheels.|A clean windscreen~Clean glass has no such mechanical effect.
VEHICLE|207|Temporary spare wheel|You fit a temporary spare wheel after a puncture. What should guide its use?|The vehicle's limits for speed, distance and pressure.|Temporary spares are intended for restricted use until the proper tyre is repaired or replaced.|Treat it as unlimited permanent equipment~It may have important restrictions.|Assume every temporary spare has identical limits~Specifications differ.|Drive faster to finish before it wears out~That may exceed its speed limit and increase risk.
VEHICLE|208|Studded trailer tyres|In winter road conditions, your car has studded tyres. What must the attached trailer have?|Studded tyres too.|The trailer must not have substantially poorer grip than the towing car under these rules.|Summer tyres if the trailer is light~The condition still applies.|Non-studded tyres only~That reverses the required relationship.|No requirement because it has no engine~A trailer's grip is essential for combination stability.
VEHICLE|214|Best tyres at the rear|Why are the tyres with the best grip generally fitted on the rear axle?|To reduce the risk of the rear losing grip and swinging out.|Rear stability helps prevent oversteer and uncontrolled rotation.|To deliberately increase oversteer~The aim is to reduce it.|Because the front tyres never brake~Front tyres contribute strongly to braking.|Because rear tyres cannot aquaplane~They can lose contact with the road too.
VEHICLE|214|Oversteer|What happens in oversteer?|The rear loses grip and the car turns more than intended.|Loss of rear grip can make the tail swing outward.|The front simply refuses to turn enough~That describes understeer.|The engine stops at idle~That is unrelated to the steering behaviour.|The car becomes immune to skidding~Oversteer is itself a loss-of-control risk.
VEHICLE|216|Understeer|What happens in understeer?|The front loses grip and the car turns less than intended.|The vehicle tends to continue straighter than the driver's intended curve.|The rear swings around excessively~That describes oversteer.|The car always stops immediately~It can continue moving on an unintended path.|The steering wheel gains automatic priority~Priority rules are unrelated to grip.
VEHICLE|218|Electronic stability control|What is the role of electronic stability control?|Help stabilise the car using measures such as individual-wheel braking.|It can counter developing skids but cannot overcome every limit of grip.|Allow unlimited speed on ice~Physics still limits traction.|Replace safe tyres~Good tyres remain essential.|Guarantee no rollover or skid~No system guarantees that outcome.
VEHICLE|219|Aquaplaning|What occurs during aquaplaning?|Water prevents the tyre from maintaining proper contact with the road.|Steering and braking grip can be severely reduced when the tread cannot disperse water.|The tyre obtains extra grip from water~Water can separate it from the road.|Only the engine loses electrical power~Aquaplaning is a tyre-road contact problem.|The road becomes magnetic~That is unrelated to the phenomenon.
VEHICLE|219|Aquaplaning response|Your car starts aquaplaning. What is the appropriate response?|Ease off the accelerator and avoid abrupt steering or braking.|Smooth inputs help the wheels recover grip without a sudden change in direction.|Brake as violently as possible~Abrupt braking can destabilise the car when grip returns.|Turn sharply back and forth~Sudden steering increases loss-of-control risk.|Accelerate to press the tyres down~More speed worsens the tendency to float on water.
VEHICLE|224|Dual brake circuits|Why does a car have separate brake circuits?|To retain some braking if one circuit fails.|Separating the circuits reduces the chance that a single failure removes all braking.|To make brake fluid unnecessary~Hydraulic circuits still use fluid.|To guarantee identical braking after any failure~Performance can be seriously reduced.|To stop the driver using the pedal~The driver still controls normal braking.
VEHICLE|224|ABS purpose|What is a key benefit of ABS during hard braking?|It helps preserve steering control by preventing sustained wheel lock.|ABS regulates brake pressure so tyres can continue rotating and maintain useful steering grip.|It always gives the shortest possible distance on every surface~On some surfaces the distance can be longer.|It removes the need to brake~The driver must still apply the brakes.|It eliminates the need for following distance~Stopping distance and reaction time still exist.
VEHICLE|225|ABS pedal pulsation|During an emergency stop, your ABS brake pedal pulsates. What should you normally do?|Maintain firm pressure and steer as needed.|Pulsation is a normal sign of ABS pressure regulation during hard braking.|Release the pedal whenever it pulses~That can reduce the braking effort you need.|Pump the pedal to replace ABS~The system already modulates pressure.|Turn off the engine immediately~That is not the normal braking response.
VEHICLE|225|Sinking brake pedal|The brake pedal slowly sinks under steady pressure. What should you suspect?|A potentially serious brake-system leak or fault.|Loss of hydraulic pressure requires prompt professional attention.|Normal operation that needs no action~Continuing to sink is a warning sign.|Too much fuel in the tank~Fuel level does not explain hydraulic pressure loss.|A need to drive faster~Speed will not repair faulty brakes.
VEHICLE|225|Spongy brake pedal|A hydraulic brake pedal feels unusually springy. What may be wrong?|Air in the brake system.|Air compresses, unlike the intended hydraulic pressure transmission, producing a spongy feel.|The windscreen washer is empty~That system is separate.|The tyres are newly fitted~New tyres do not explain a spongy hydraulic pedal.|The rear window is open~Window position does not affect the brake circuit.
VEHICLE|232|Crumple zones|Why are parts of a car designed to deform in a crash?|To absorb energy and reduce the forces reaching occupants.|Controlled deformation extends the deceleration process while the passenger cell protects space.|To make occupants stop instantly~An abrupt stop produces greater forces.|To replace seat belts~Belts remain essential.|To make all parts of the cabin collapse~The occupied space should remain protected.
VEHICLE|252|Securing luggage|Where should heavy luggage generally be placed?|Low down and secured against suitable supports in the luggage area.|A low centre of gravity and restraint reduce movement during braking or collision.|Loose on the parcel shelf~It can become a projectile.|As high as possible on the roof~That raises the centre of gravity.|On an unbelted passenger's lap~A person cannot reliably hold it in a crash.
VEHICLE|252|Gross weight|What does gross weight describe?|The vehicle's actual weight at a particular time.|It includes what the vehicle currently carries rather than only its registered limit.|Its maximum permitted weight in every case~That is a limit, not necessarily the actual current weight.|Only the driver's weight~Gross weight covers the whole vehicle and current load.|Only the empty trailer~It is not limited to a trailer or empty condition.
VEHICLE|252|Total weight|What is meant by registered total weight in the book's weight terminology?|Unladen weight plus maximum permitted load.|It is the registered maximum loaded weight, distinct from actual gross weight.|Only the current luggage weight~That is only part of a load.|The weight shown by a scale today in every case~That describes gross weight.|The maximum speed multiplied by fuel capacity~Those quantities do not define weight.
VEHICLE|254|Light-trailer exception|A category B driver has a 3,500 kg total-weight car and a 750 kg total-weight trailer. Are the licence weight limits alone satisfied?|Yes, under the trailer-not-exceeding-750-kg rule.|A trailer up to 750 kg can be towed on ordinary B even when combined total weights exceed 3,500 kg; technical towing limits still apply.|No because every B combination is capped at 3,500 kg~The 750 kg trailer exception exists.|Yes regardless of the car's towing limit~Technical limits must still be respected.|Only if the trailer is empty~The licence rule here uses registered total weights.
VEHICLE|255|Technical towing limit|Your licence permits a heavier combination than your car's towing limit. Which limit must you respect?|The car's technical towing limit as well as the licence limits.|A broader licence does not make a vehicle capable of towing more than its approval allows.|Only the licence limit~The car's technical limit remains binding.|Only the trailer's colour~Colour does not establish towing capacity.|Any weight if the road is flat~Terrain does not remove the vehicle limit.
VEHICLE|256|Excessive towball load|A trailer presses too heavily down on the towball. What can happen?|The car's front axle can be unloaded, impairing steering grip.|Too much downward coupling force can lift the front relative to the rear.|The front tyres always gain unlimited grip~The load transfer can reduce their grip.|Headlamp aim can never change~The car's attitude can change and dazzle others.|Trailer loading cannot affect the car~The coupling transmits forces to it.
VEHICLE|247|Protruding load at night|How should a projecting load requiring marking be marked at its rear in darkness?|With a red light and red reflectors.|Rearward markings use red; forward markings use white.|A white rear light only~That is not the required rear marking colour.|An unlit dark cloth~It may be invisible in darkness.|A blue flashing lamp~That is not ordinary load marking.
VEHICLE|264|Daytime running lights in bad visibility|Your car's rear lights stay off in daytime-running-light mode. Fog develops. What should you do?|Select the proper lights so the rear and other required lights are on.|Some cars need manual switching when daylight visibility worsens.|Assume automatic mode always detects fog~The system may not respond correctly.|Keep the rear dark to save energy~Being visible is a safety requirement.|Use only the cabin lamp~It does not provide the required exterior lighting.
VEHICLE|272|Pre-drive safety check|Why should you check tyres, lights and brakes before a journey?|To detect faults that could make the vehicle unsafe.|A brief inspection can identify defects before they cause a traffic problem.|Only to improve the car's appearance~The main purpose is safe function.|To avoid ever needing scheduled maintenance~Checks do not replace servicing.|Because working lights guarantee working brakes~Different systems need separate checks.
VEHICLE|273|Driving position|When should you adjust your seat and mirrors?|Before moving off.|A stable position and correct mirror view help you operate controls and observe traffic.|While negotiating the first junction~That adds distraction at a demanding moment.|Only after a near miss~You should prepare before encountering hazards.|Mirrors never need adjustment between drivers~Different drivers need different settings.
VEHICLE|279|First inspection|When must a new normal passenger car undergo its first periodic inspection?|No later than 36 months after the month it first entered service.|The first interval is 36 months, followed by a second interval of 24 months.|After 14 months in every case~Fourteen months applies to subsequent intervals after the second inspection.|Only when a warning light appears~Inspection has a deadline independent of symptoms.|After ten years~That is far later than the first deadline.
VEHICLE|279|Later inspections|After the second inspection, what is the maximum normal interval for periodic inspection of an ordinary passenger car?|14 months after the month of the previous inspection.|The continuing schedule differs from the initial 36- and 24-month intervals.|36 months~That is the initial interval for a new car.|24 months~That is the second interval.|Only after changing owner~Ownership transfer does not replace the periodic schedule.
VEHICLE|280|Missed inspection|What normally happens if the required inspection deadline is missed?|An automatic driving ban applies until the inspection requirements are addressed.|Owners are responsible for meeting the deadline even without a reminder.|The car automatically becomes registered off-road~Off-road status is a separate notification.|The deadline extends until a letter arrives~A reminder is not required for the deadline to apply.|Nothing if the engine runs well~Apparent condition does not remove the inspection requirement.
VEHICLE|284|Electrical fuse|What is the purpose of an electrical fuse?|To protect a circuit against excessive current.|A fuse interrupts an overloaded circuit to reduce damage and fire risk.|To increase current without limit~That is the opposite of its protective role.|To lubricate the engine~Oil provides lubrication.|To replace the battery~A fuse does not store electrical energy.
VEHICLE|285|Hot coolant system|The engine has overheated. Why should you not immediately open a hot coolant cap?|Pressurised hot coolant or steam can cause burns.|Allow the system to cool and follow the vehicle's instructions.|Because coolant is always frozen~It may be dangerously hot.|Because opening it instantly repairs the engine~It does not establish or fix the cause.|Because washer fluid will spill from the tyres~That is unrelated to the cooling system.
VEHICLE|285|Oil-pressure warning|An oil-pressure warning appears while driving. What is the appropriate response?|Stop safely and investigate according to the vehicle instructions before continuing.|Inadequate oil pressure can cause severe engine damage.|Drive on until the next scheduled service~Continued operation may damage the engine.|Add windscreen washer fluid~That does not correct oil pressure.|Cover the warning lamp~Hiding the warning does not resolve the fault.
VEHICLE|292|Ownership document|Why should Part 2 of a registration certificate be kept securely?|It contains ownership information and is used for ownership-related procedures.|It should not be casually left accessible inside the car.|It is a substitute for fuel~It has no propulsion function.|It replaces a driving licence~Vehicle ownership and driving entitlement are different.|It proves all future inspections have passed~Inspections are separate events.
VEHICLE|293|Off-road notification|Does a missed inspection automatically register a vehicle as off-road?|No, off-road registration requires a separate notification.|A driving ban and registered off-road status are different.|Yes as soon as the deadline passes~The ban does not make the off-road notification.|Yes if the car is unused for a week~Non-use alone does not register its status.|Yes whenever the fuel tank is empty~Fuel level is unrelated to registration status.
VEHICLE|298|Third-party insurance|Which damage is normally outside your own compulsory third-party vehicle insurance cover?|Damage to your own vehicle.|Third-party cover addresses personal injury and damage to other parties rather than own-car damage.|Injury to another person~Personal injury is central to third-party cover.|Damage you cause to another car~Third-party property damage is a main purpose.|Damage you cause to someone else's property~That is the type of damage it generally covers.
